ID,sequence,sequence_length,MIC,is_hemolytic
AP00026,FKCRRWQWRMKKLGAPSITCVRRAF,25,2,0
AP00136,FLPLILRKIVTAL,13,3,1
AP00150,ILPWKWPWWPWRR,13,2.25,1
AP00155,RGLRRLGRKIAHGVKKYGPTVLRIIRIAG,29,0.75,1
AP00166,GWGSFFKKAAHVGKHVGKAALTHYL,25,8,0
AP00176,ACYCRIPACIAGERRYGTCIYQGRLWAFCC,30,3.828162375,0
AP00195,RGGRLCYCRRRFCVCVGR,18,0.9256459609,0
AP00204,ITSISLCTPGCKTGALMGCNMKTATCNCSIHVSK,34,1.798454227,0
AP00205,ITSISLCTPGCKTGALMGCNMKTATCHCSIHVSK,34,0.3144434841,0
AP00210,GMASKAGAIAGKIAKVALKAL,21,37.5,0
AP00240,GLLSVLGSVAKHVLPHVVPVIAEHL,25,0.7736547353,0
AP00248,GLFGVLGSIAKHVLPHVVPVIAEK,24,4.836713168,0
AP00276,VFQFLGKIIHHVGNFVHGFSHVF,23,0.7498739274,0
AP00278,VFHLLGKIIHHVGNFVYGFSHVF,23,5.996680088,0
AP00280,LFKLLGKIIHHVGNFVHGFSHVF,23,24.17677879,0
AP00281,GLLRKGGEKIGEKLKKIGQKIKNFFQKLVPQPE,33,48,0
AP00283,GIINTLQKYYCRVRGGRCAVLSCLPKEEQIGKCSTRGRKCCRRKK,45,0.9106347256,0
AP00285,LRGLLCYCRKGHCKRGERVRGTCGIRFLYCCPRR,34,7.938613874,0
AP00310,LLGDFFRKSKEKIGKEFKRIVQRIKDFLRNLVPRTES,37,0.08902089501,1
AP00330,GWLRKAAKSVGKFYYKHKYYIKAAWQIGKHAL,32,1.311805245,1
AP00351,GLFDVIKKVASVIGGL,16,15.47051243,0
AP00366,GRFKRFRKKFKKLFKKLSPVIPLLHLG,27,3,1
AP00367,GGLRSLGRKILRAWKKYGPIIVPIIRIG,28,2.5,1
AP00384,LLKELWTKIKGAGKAVLGKIKGLL,24,43.5,0
AP00408,FLFPLITSFLSKVL,14,50,0
AP00427,GLLGPLLKIAAKVGSNLL,18,6,1
AP00445,GFCRCLCRRGVCRCICTR,18,2.374553186,0
AP00473,FFHHIFRGIVHVGKTIHRLVTG,22,2.5,1
AP00498,GLVRKGGEKFGEKLRKIGQKIKEFFQKLALEIEQ,34,1.125,0
AP00513,FLGGLIKIVPAMICAVTKKC,20,1.899561989,0
AP00516,IWLTALKFLGKHAAKHLAKQQLSKL,25,3.1,0
AP00519,QWGRRCCGWGPGRRYCRRWC,20,3.145901319,0
AP00538,WLNALLHHGLNCAKGVLA,18,12.43324835,0
AP00539,GFGCPWNRYQCHSHCRSIGRLGGYCAGSLRLTCTCYRS,38,2.809695463,0
AP00548,RFGRFLRKIRRFRPKVTITIQGSARFG,27,5,1
AP00549,GFGCNGPWDEDDMQCHNHCKSIKGYKGGYCAKGGFVCKCY,40,18,0
AP00557,RVKRVWPLVIRTVIAGYNLYRAIKKK,26,0.6,0
AP00575,GLLDTFKNLALNAAKSAGVSVLNSLSCKLSKTC,33,34.5,0
AP00577,GLFTLIKGAAKLIGKTVAKEAGKTGLELMACKITNQC,37,1.334493767,0
AP00587,GIMSLFKGVLKTAGKHVAGSLVDQLKCKITGGC,33,18.75,0
AP00588,FLGSIVGALASALPSLISKIRN,22,25,1
AP00595,FLPIIGKLLSGLL,13,4.6,1
AP00599,GIWDTIKSMGKVFAGKILQNL,21,25,0
AP00601,FLSLALAALPKFLCLVFKKC,20,32,1
AP00602,FLSLALAALPKLFCLIFKKC,20,23.5,1
AP00674,ITSVSWCTPGCTSEGGGSGCSHCC,24,5.173340981,0
AP00680,GLFGRLRDSLQRGGQKILEKAERIWCKIKDIFR,33,6.9,0
AP00686,KRFGRLAKSFLRMRILLPRRKILLAS,26,11.93897218,0
AP00708,GFKRIVQRIKDFLRNLV,17,4.65,0
AP00763,GLWSTIKNVGKEAAIAAGKAALGAL,25,26.5,0
AP00779,GRRKRKWLRRIGKGVKIIGGAALDHL,26,8,0
AP00781,FLGALIKGAIHGGRFIHGMIQNHH,24,32,0
AP00782,GWGSIFKHGRHAAKHIGHAAVNHYL,25,32,0
AP00783,RWGKWFKKATHVGKHVGKAALTAYL,25,64,0
AP00784,FFRLLFHGVHHVGKIKPRA,19,64,0
AP00786,GWKKWFNRAKKVGKTVGGLAVDHYL,25,16,0
AP00787,GWRLLLKKAEVKTVGKLALKHYL,23,4,0
AP00788,AGWGSIFKHIFKAGKFIHGAIQAHND,26,16,0
AP00789,GFWGKLFKLGLHGIGLLHLHL,21,4,0
AP00790,GWKKWLRKGAKHLGQAAIK,19,32,0
AP00791,GWKKWLRKGAKHLGQAAIKGLAS,23,16,0
AP00792,FLGLLFHGVHHVGKWIHGLIHGHH,24,8,0
AP00819,FLPLLASLFSRLF,13,2,1
AP00823,SILPTIVSFLSKVF,14,3.1,1
AP00871,FLPFLKSILGKIL,13,2.35,0
AP00875,FLSSIGKILGNLL,13,20,0
AP00876,FLSIIAKVLGSLF,13,10,1
AP00890,IDWKKVDWKKVSKKTCKVMLKACKFLG,27,4.8,1
AP00923,KFFKKLKNSVKKRAKKFFKKPRVIGVSIPF,30,1.303707101,0
AP00952,GIGKFLKKAKKFGKAFVKILKK,22,16.14076751,0
AP00955,RIIRPIIQIIKQKIR,15,1.059085815,0
AP00959,ALWKTLLKKVGKVAGKAVLNAVTNMANQNEQ,31,18.75,0
AP01131,MSWLNFLKYIAKYGKKAVSAAWKYKGKVLEWLNVGPTLEWVWQKLKKIAGL,51,0.05,0
AP01154,AIKLVQSPNGNFAASFVLDGTKWIFKSKYYDSSKGYWVGIYEVWDRK,47,4,0
AP01197,KFFKKLKKAVKKGFKKFAKV,20,3.256432481,0
AP01206,CTFTLPGGGGVCTLTSECIC,20,0.7949770091,0
AP01223,GFKDLLKGAAKALVKTVLF,19,3.1,0
AP01263,FLPLVTMLLGKLF,13,10,1
AP01269,GFLSILKKVLPKVMAHMK,18,15.9,0
AP01320,LFCRKGTCHFGGCPAHLVKVGSCFGFRACCKWPWDV,36,0.3111126786,0
AP01321,APGNKAECEREKGYCGFLKCSFPFVVSGKCSRFFFCCKNIW,41,0.2666068785,0
AP01322,IPRPLDPCIAQNGRCFTGICRYPYFWIGTCRNGKSCCRRR,40,0.5940733787,0
AP01323,LPVNEAQCRQVGGYCGLRICNFPSRFLGLCTRNHPCCSRVWV,42,2.414493286,0
AP01358,VTCDLLSFEAKGFAANHSLCAAHCLAIGRRGGSCERGVCICRR,43,4.392370453,0
AP01380,YDLSKNCRLRGGICYIGKCPRRFFRSGSCSRGNVCCLRFG,40,5.6,0
AP01434,FFGSVLKLIPKIL,13,3.1,0
AP01444,FLSAITSILGKFF,13,6.3,0
AP01493,ASIIKTTIKVSKAVCKTLTCICTGSCSNCK,30,1.56,0
AP01497,FLPIVGRLISGIL,13,12.5,0
AP01511,TITLSTCAILSKPLGNNGYLCTVTKECMPSSCN,33,27.71291624,0
AP01512,FFSLLPSLIGGLVSAIK,17,19.86191768,1
AP01534,FFFLSRIF,8,25,0
AP01543,KPWRFRRAIRRVRWRKVAPYIPFVVKTVGKK,31,0.6,0
AP01558,LGAWLAGKVAGTVATYAWNRYV,22,4.5,0
AP01605,SSGWVCTLTIECGTVICAC,19,24.66190962,0
AP01617,VTSWSLCTPGCTSPGGGSNCSFCC,24,0.849374911,0
AP01622,GLGSLLGKAFKIGLKTVGKMMGGAPREQ,28,5,0
AP01644,GAFGNFLKGVAKKAGLKILSIAQCKLSGTC,30,3.1,0
AP01645,GAFGNFLKGVAKKAGLKILSIAQCKLFGTC,30,6.25,0
AP01663,RRTCRCRFGRCFRRESYSGSCNINGRIFSLCCR,33,2.522288263,0
AP01670,ACYCRIPACFAGERRYGTCFYLGRVWAFCC,30,3.5,0
AP01672,GICRCICGKGICRCICGR,18,10,0
AP01703,GIFSKFAGKGIKNLLVKGVKNIGKEVGMDVIRTGIDIAGCKIKGEC,46,25,0
AP01704,RIFSKIGGKAIKNLILKGIKNIGKEVGMDVIRTGIDVAGCKIKGEC,46,12.5,0
AP01705,GIFSLIKGAAKLITKTVAKEAGKTGLELMACKVTNQC,37,25,0
AP01706,GFMDTAKNVAKNVAVTLLDKLKCKITGGC,29,100,0
AP01707,SLLDTFKNLAVNAAKSAGVSVLNALSCKISRTC,33,100,0
AP01710,GIFSTVFKAGKGIVCGLTGLC,21,12.5,0
AP01711,GILGTVFKAGKGIVCGLTGLC,21,12.5,0
AP01712,WKSESVCTPGCVTGLLQTCFLQTITCNCKISK,32,2.29017935,0
AP01754,GGYYCPFFQDKCHRHCRSFGRKAGYCGGFLKKTCICV,37,50,0
AP01755,GGYYCPFRQDKCHRHCRSFGRKAGYCGGFLKKTCICV,37,25,0
AP01782,GILSTVFKAGKGIVCGLSGLC,21,14.05,0
AP01783,FLPGVLRLVTKVGPAVVCAITRNC,24,3.1,0
AP01791,FLWGLIPGAISAVTSLIKK,19,9.183498613,0
AP01814,KIAKVALKAL,10,64.30286917,0
AP01898,RRSRRGRGGGRRGGSGGRGGRGGGGRSGAGSSIAGVGSRGGGGGRHYA,48,1.403618366,0
AP01939,CVISAGWNHKIRCKLTGNC,19,50,0
AP01940,FKTWKRPPFQTSCWGIIKE,19,17.53238316,0
AP01944,SLWETIKNAGKGFILNILDKIRCKVAGGCKT,31,2.776734858,1
AP01945,FIGPVLKIAAGILPTAICKIFKKC,24,3.685248649,0
AP01946,FVGPVLKIAAGILPTAICKIYKKC,24,3.682394929,0
AP01947,FLGPIIKIATGILPTAICKFLKKC,24,24.13746227,0
AP01950,SIRDKIKTIAIDLAKSAGTGVLKTLICKLNKSC,33,3.56808772,0
AP01952,FFPLLFGALSSHLPKLF,17,3.877261413,1
AP01978,FIGAIARLLSKIF,13,0.414131406,1
AP01998,GFLGPLLKLGLKGVAKVIPHLIPSRQQ,27,2.5,1
AP01999,GFLGPLLKLGLKGAAKLLPQLLPSRQQ,27,2.5,1
AP02000,GFLGSLLKTGLKVGSNLL,18,3.75,0
AP02016,GKIPVKAIKQAGKVIGKGLRAINIAGTTHDVVSFFRPKKKKH,42,2.065659778,0
AP02026,GFWGKLWEGVKSAI,14,15,0
AP02032,RWKPFKKELKVGRNIRDGIIKAGPAVAVIGQATSIARPTGK,41,1.85131385,0
AP02044,FLPAVIRVAANVLPTVFCAISKKC,24,50,0
AP02045,FLPAVLRVAAKVVPTVFCLISKKC,24,4.5,0
AP02046,GIFGKILGAGKKVLCGLSGLC,21,16,0
AP02047,GIFGKILGVGKKVLCGLSGMC,21,8,0
AP02048,DHYLCVKNEGICLYSSCPSYTKIEGTCYGGKAKCCK,36,0.7563071097,0
AP02049,FFHHIFRGIVHVGKTIHKLVTGT,23,7.5,0
AP02096,KVHGSLARAGKVRGQTPKVAKQEKKKKKTGRAKRRMQYNRRFVNVVPTFGKKKGPNANS,59,1.35,0
AP02097,KPKDMTSSQWFKTQHVQPSPQACNSAMSIINKYTERCKDLNTFLHEPFSSVAITCQTPNIACKNSCKNCHQSHGPMSLTMGELTSGKYPNCRYKEKHLNTPYIVACDPPQQGDPGYPLVPVHLDKVV,127,1.35,0
AP02106,FFPLLFGALSSMMPKLF,17,1.28438854,0
AP02107,FIGPVLKMATSILPTAICKGFKKC,24,3.895193129,0
AP02108,FLGPIIKMATGILPTAICKGLKKC,24,0.9931471259,0
AP02109,SIRDKIKTMAIDLAKSAGTGVLKTLICKLDKSC,33,4.258579953,0
AP02110,SIRDKGKTIAIDLAKSAGTGVLKTLMCKLDKSC,33,2.885009244,0
AP02111,GFSSIFRGVAKFASKGLGKDLAKLGVDLVACKISKQC,37,5,0
AP02118,FLPAALAGIGGILGKLF,17,6.25,1
AP02121,GFGCPFNENECHAHCLSIGRKFGFCAGPLRATCTCGKQ,38,3.35,0
AP02122,CLRIGMRGRELMGGIGKTM,19,14.42577205,0
AP02134,FIHHIIGGLFSVGKHIHSLIHGH,23,1.564331184,0
AP02139,GLLSLLSLLGKLL,13,3.1,0
AP02162,KIKIPWGKVKDFLVGGMKAV,20,8.7,0
AP02178,LRVRRTLQCSCRRVCRNTCSCIRLSRSTYAS,31,5,0
AP02201,KIKFLKVLT,9,4.130598131,0
AP02213,GILGKLWEGFKSIV,14,20,0
AP02214,IFGAIWKGISSLL,13,33,0
AP02215,FLSTIWNGIKSLL,13,10,0
AP02249,FISQIISTARI,11,0.2002421328,0
AP02379,RLLRPLLQLLKQKLR,15,1.059085815,0
AP02403,GILGKLWEGVKSIF,14,10,0
AP02404,WNDTGKDADGAEY,13,8.325062615,0
AP02437,FFGRLKSVWSAVKHGWKAAKSR,22,3,0
AP02441,ATQSHQ,6,41.00316097,0
AP02447,AGLQFPVGRIGRLLRK,16,12.5,0
AP02527,FLPLILPSIVTALSSFLKQG,20,11.7,0
AP02531,FFSLIPSLVGGLISAFK,17,3.75,0
AP02548,ATCDLLSPFKVGHAACAAHCIARGKRGGWCDKRAVCNCRK,40,3.75,0
AP02565,FLPLLAGLAANFLPKIFCKITRK,23,19.41561108,0
AP02566,LPLLAGLAANFLPKIFCKITRK,22,30.88872292,0
AP02567,FLPFIAGMAAKFLPKIFCAISKK,23,2.458463666,0
AP02579,YPLDQVEEQDEHQVAHIRVRRVTCDLLSAEAKGVKVNHAACAAHCLLKRKRGGYCNKRRICVCRN,65,5.383104223,0
AP02630,NIGLFTSTCFSSQCFSSKCFTDTCFSSNCFTGRHQCGYTHGSC,43,3,0
AP02656,GFGCPFNQGACHRHCRSIGRRGGYCAGLFKQTCTCYSR,38,0.625,0
AP02681,RFRPPILRPPIRPPFRPPFRPPVRPPIRPPFRPPFRPPIGPFP,43,1.950356865,0
AP02725,INTWNTTATSTSIIISETFGNKGKVCTYTVECVNNCRG,38,12.5,0
AP02735,AWLLAIRKR,9,22.21374546,0
AP02745,KRIGLIRLIGKILRGLRRLG,20,20.85193083,0
AP02767,APKGVQGPNG,10,34.63110139,0
AP02785,FFWHHIGHALDAAKRVHGMLSG,22,25,0
AP02786,FFGHLFRGIINVGKHIHGLLSG,22,5,0
AP02802,MAGLLRFLLSKGRALYNWAKSHVGKVWEWLKSGATYEQIKEWIENALGWR,50,1.095,0
AP02811,SGRGKTGGKARAKAKTRSSRAGLQFPVGRVHRLLRKGNYAQRVGAGAPVY,50,0.9,0
AP02812,SGRGKTGGKARAKAKTRSSRAGLQFPVGRVHRLLR,35,0.6,0
AP02816,MAAFMKLIQFLATKGQKYVSLAWKHKGTILKWINAGQSFEWIYKQIKKLWA,51,40.45118708,0
AP02856,WWWLRRRW,8,5,0
AP02863,KWKSFIKKLTKKFLHSAKKF,20,0.8520066802,0
AP02864,KFKKLFKKLSPVIGKEFKRIVERIKRFLR,29,7.5,0
AP02868,TRSGFLREQWIT,12,2.677939005,0
AP02873,YSYFTVV,7,20.50131875,0
AP02874,YSYYTIV,7,19.82338247,0
AP02875,LKRVWKRVFKLLKRYWRQLKKPVR,24,9.6,0
AP02877,ITPATPFTPAIITEITAAVIA,21,0.454651583,0
AP02887,GLEETVYIYGANMAS,15,0.383237181,0
AP02904,ATCDLLSPFKVGHAACALHCIAMGRRGGWCDGRAVCNCRR,40,0.12,0
AP02905,FTVATFI,7,45.11563702,0
AP02919,FLSLIPKIATGIAALAKHL,19,2,0
AP02930,HLRRINKLLTRIGLYRHAFG,20,59.13943498,0
AP02949,THILLLRLRKKVMS,14,3.332080194,0
AP02964,KRFKKFFRKIKKGFRKIFKKTKIFIGGTIPI,31,5.472504022,0
AP02965,KRNGFRKFMRRLKKFFAGGGSSIAHIKLH,29,22.12984797,0
AP02966,TRSRWRRFIRGAGRFARRYGWRIALGLVG,29,5.369247134,0
AP02967,FLQHIIGALGHLF,13,16.7,0
AP02968,FIHHIIGALGHLF,13,13.46666667,0
AP02969,FLQHIIGALTHIF,13,24.26666667,0
AP02970,FLQHIIGALSHFF,13,12.7,0
AP02972,FFGHLFKLATKIIPSFFRRKNQ,22,1.35,0
AP02973,FLFSLIPSAISGLISAFKGRRKRDLN,26,5.355,0
AP02974,FLFSLIPSAISGLINAFK,18,4.37,0
AP02975,FFGHLFKLATKIIPSLFQRKKE,22,0.87,0
AP02977,FLPIVAKLLSGLL,13,4,0
AP03001,FFRNLWKGAKAAFRAGHAAWRA,22,1.223872784,0
AP03010,GFGCPLNERECHSHCQSIGRKFGYCGGTLRLTCICGKE,38,32,0
AP03015,ALWKDLLKNVGKAAGKAVLNKVTDMVNQ,28,6,0
AP03016,ALWKSLLKNVGKAAGKAALNAVTDMVNQ,28,4,2
AP03017,SICCSFPDPWGGLCCEDHCSYIGKPGGQCSDKGVCTCN,38,4.028667799,0
AP03022,GFGCPFNQGQCHKHCQSIRRRGGYCDGFLKTRCVCYR,37,0.36,0
AP03025,FLRSLLRGAKAIYRGARAGWRG,22,1.890196773,0
AP03041,LNLKALLAVAKKIL,14,17,1
AP03048,GLLSGILGAGKKIVF,15,2.5,0
AP03057,FLSLIPAAISAVSALANHF,19,32.97,2
AP03059,FIVPSIFLLKKAFCIALKKC,20,6,1
AP03063,ATCYCRTGR,9,50,0
AP03086,MLVNFILRCGLLLVTLSLAIAKHKQSSFTKSCYPRGTLSQAVDALYIKAAWLKATIPEDRIKNIRLLKKKTKKQFMKNCQFQEQLLSFFMEDVFGQLQLQGCKKIRFVEDFHSLRQKLSHCISCASSAREMKSITRMKRIFYRIGNKGIYKAISELDILLSWIKKLLESSQ,171,2.519808657,0
AP03111,FLKAIKKFGKEFKKIGAKLK,20,128,0
AP03112,GLSLLLSLGLKLL,13,3.1,0
AP03133,GLWSKIKDAAKTAGKAALGFVNEMV,25,32,0
AP03142,SDTGTKSRK,9,8.171116248,0
AP03143,SKTKRRSLLKRLGDGIRGFWNGFRGRK,27,10,0
AP03145,PIRTKRRWKLIKKGGKIVKDLLTKNNIIILPGGNE,35,3.9,0
AP03159,ATKAVCVLKGDGPVQGIINF,20,5.91010756,0
AP03160,VKAQEPVKGPVSTKPGSCPIILIRCA,26,35.65741691,0
AP03170,GFSSLFKAGAKYLLKQVGKAGAQQL,25,4,0
AP03178,FLGAVLKVAGKLVPAAICKISKKC,24,3,0
AP03179,FLGALFKVASKLVPAAICSISKKC,24,3,0
AP03185,SLWGKLKEMAAAAGKAALNAVNGLVNQ,27,32,2
AP03186,SSAPCTIYASVSASISATASWGC,23,6.9,0
AP03219,FIQHLIPLIPHAIQGIKDIF,20,48,0
AP03225,SFLTTVKKLVTNLAALAGTVIDTIKCKVTGGCRT,34,16,1
AP03230,CVWLVVV,7,1.835843298,0
AP03236,RRRWWWWV,8,5,0
AP03239,FLSLIPKIAGGIAALAKHL,19,4.14,1
AP03240,FALGAVTKVLPKLFCLITRKC,21,8,1
AP03257,CND,3,91.33660851,0
AP03258,FLPLIAGLFGKIF,13,4,0
AP03268,NFWKKGKWTIGS,12,2.755405986,0
AP03273,IRIILRAQGALKI,13,28.67164475,0
AP03274,HSDGIFTDSYSRYRKQMAVKKYLAAVLGKRYKQRVKNK,38,6,0
AP03300,SIFSLFKMGAKALGKTLLKQAGKAGAEYAACKATNQC,37,2,1
AP03301,SILSLFKMGAKALGKTLIKQAGKAGAEYVACKATNQC,37,2.25,1
AP03304,KTMMQSGGTFGTFMAIGMGIR,21,45,0
AP03307,GLWSKIKNVAAAAGKAALGAL,21,12,0
AP03310,GFGCNLITSNPYQCSNHCKSVGYRGGYCKLRTVCTCY,37,5.612846997,0
AP03311,GFGCPWNAYECDRHCVSKGYTGGNCRGKIRQTCHCY,36,0.68,0
AP03312,KPQAVFP,7,10.17887334,0
AP03313,AKSKRKGV,8,73.30479791,0
AP03314,LTVSI,5,7.523745411,0
AP03315,LVVLAVAVVVWLR,13,11.135487,0
AP03316,KNLKSPKFT,9,15.06197343,0
AP03317,KRIRL,5,11.680817,0
AP03318,WTGYR,5,5.867260277,0
AP03319,FSTRF,5,6.090696872,0
AP03320,FKVIFAF,7,9.183894984,0
AP03328,TLKIIVKVVKYLV,13,0.9894542645,1
AP03329,TLKIVVKVVKYLV,13,0.9986947725,1
AP03330,TLKVVVKVVKYLV,13,1.344146183,0
AP03331,TLKIIVKIVKYLV,13,1.307177496,1
AP03333,RRIPRPILLPWRPPRPIPRPQPQPIPRWL,29,13.33178981,0
AP03334,RFRPPIRRPPIRPPFRPPFRPPVR,24,13.30820567,0
AP03335,FFGAIAKLAMKFLPAIYKQIQKKRK,25,1.6,0
AP03337,TTLRLNTLAYKVAWLVNVKAFWAAGRALKKVGR,33,2.152573494,0
AP03343,MQLTSIAIILFAAMGAIANPIAAESDDLLARDAQLSKYGGECSLEHNTCTYRKDGKNHVVSCPSAANLRCKTDRHHCEYDDHHKTVDCQTPV,92,15.4,0
AP03345,FLALALIQEAIAKLK,15,64,2
AP03346,GFGCNGPWDEDDMKCHNHCKSIKGYKGGYCAKAGFVCKCY,40,2.69,0
AP03425,GLLGKILGAGKKVLCGVSGLC,21,24,0
AP03426,GLWKSLFKNVGKAAGKAALNAVTDMVNQ,28,64,0
AP03427,ALWKTLLKNVGKAAGKAVLNAVTDMVNQ,28,16,0
AP03428,FVDLKKIANILNSIF,15,16,0
AP03436,GIGGALLSFGKSALKGLAKGLAEHF,25,6.6,1
AP03442,GVFYPWRFRLLCLLRRWLPRPRAWFIR,27,5,0
AP03481,MKKLLLILFCLALALAGCKKAP,22,16.95535562,2
AP03482,VLGLALIVGGALLIKKKQAKS,21,15.08939215,1
AP03488,SLWENFKNAGKKFILNILDKIRCRVAGGCRT,31,32,0
AP03517,VVVNVLVKVLPPPVV,15,1.273055675,0
AP03518,VVMNLLVKVLKYVV,14,4.94707832,0
AP03519,VVLNLLVKVLKYGK,14,2.522007669,0
AP03562,VVVNLLVKVLKYAK,14,5.044015339,0
AP03563,VVLNLVVKLLKYAK,14,19.99919003,0
AP03601,KRGGIWKLIRPLGRGAGRILRHFHIDFCGNC,31,3.381942557,0
AP03613,FFPLIFGALSSILPKIL,17,9.375,0
AP03626,RIWWSGGWRRWRW,13,12.71,0
AP03629,ISRLAGLLRKGGEKIGEKLKKIGQKIKNFFQKLVPQPE,38,48,0
AP03632,FLKSNALL,8,1.173896562,0
AP03633,AAGKVLKLLKKLL,13,23,0
AP03634,AAKKVLKLLKKLL,13,21.7,0
AP03638,FTSISMCTPGCKTGALMTCNYKTATCHCSIKVSK,34,0.485,0
AP03639,IFKAIWSGINRLF,13,5.990819572,0
AP03641,KWKSFIKKLTTAVKKVLTTGLPALIS,26,2.784957165,0
AP03644,KWKSFIKKLTSAAKKVVTTAKPLISS,26,22.36582245,0
AP03654,WLRRIKAWLRRIKA,14,3,2
AP03655,WLRRIKAWLRR,11,20,2
AP03663,WRPGRWWRPGRW,12,4,0
AP03664,WRPGRWWRPGRWWRPGRW,18,3,0
AP03665,WRNGRWWRNGRW,12,8,0
AP03666,WRNGRWWRNGRWWRNGRW,18,3,0
AP03667,VGQFLGKIIKKVGNFVKGFSKVF,23,1.633136666,0
AP03679,FLPLLAGLAANFLPQIICKIARKC,24,32,1
AP03680,FLPLLAGLAANFLPKIICKIARKC,24,8,1
AP03685,KWKSFLKTFKSAKKTVLHTALKAISS,26,32.54703538,0
AP03687,RIRIWRIRICTKSIPPIC,18,24,0
AP03688,RLRLWRLRLCTKSIPPIC,18,40,0
AP03690,RFRFWRFRFCTKSIPPIC,18,18,0
AP03691,RWRWWRWRWCTKSIPPIC,18,4,0
AP03692,RIRIRIWRIRIRICTKSIPPIC,22,24,0
AP03693,RLRLRLWRLRLRLCTKSIPPIC,22,10,0
AP03694,RVRVRVWRVRVRVCTKSIPPIC,22,3,0
AP03695,RFRFRFWRFRFRFCTKSIPPIC,22,3,0
AP03696,RWRWRWWRWRWRWCTKSIPPIC,22,5,0
AP03697,RVRVRVWRVRVRV,13,6,0
AP03715,RHCLRSKRPPNVCPH,15,6.25,0
AP03716,FLRWRLKFKSKVWCP,15,3.12,0
AP03717,GHYCNFSVTPKFKRW,15,3.12,0
AP03718,RLQLNYKGKMWCPGW,15,6.25,0
AP03719,FFALQCAAKTRTRRV,15,6.25,0
AP03723,FLGSLFSIGSKLLPGVFKLFSRKKQ,25,2.233409679,1
AP03724,IFGMIPGLIGGLISAFK,17,14.41603691,1
AP03725,FFSLIPSLIGGLVSAIK,17,14.18708406,1
AP03756,GRFKRFRKKFKKLFKKLS,18,3,0
AP03757,GGLRSLGRKILRAWKKYG,18,3,0
AP03759,GRLKRLRKKLKKLLKKLS,18,16,0
AP03764,RRGIKKFIKKVKKVKKAIKEGIKKGIKKLLSGGGSNIAHGPGGRRHIA,48,12.3352407,0
AP03821,GIINTLQKYYCRVRGAICHPVFCPRRYKQIGTCGLPGTKCCKKP,44,0.1568766329,0
AP03822,GIINTLQKYYCRVRGAICHPVFCPRRYKQIGKCSTRGRKCCRRKK,45,0.109417118,0
AP03823,GLGSVFGRLARILGRVIPKV,20,2.75,0
AP03846,FFGKVLKLIRKIF,13,3.1,1
AP03847,SLSRFLRFLKIVYRRAF,17,12.5,0
AP03866,GLSLLLSLLGKLL,13,1.6,1
AP03867,GLSLLLSLLLGKL,13,6.2,1
AP03868,GLLSSLLLLGKLL,13,3.1,1
AP03869,GKLLSLLSLLGLL,13,3.1,1
AP03870,GLLSLLSLGLKLL,13,0.8,1
AP03871,LLGSLLSLGLKLL,13,1.6,1
AP03872,GALSLLSLLGKLL,13,0.78,1
AP03873,GLASLLSLLGKLL,13,0.78,1
AP03874,GLLSALSLLGKLL,13,0.78,1
AP03875,GLLSLASLLGKLL,13,0.78,1
AP03876,GLLSLLSALGKLL,13,1.56,1
AP03877,GLLSLLSLLGKAL,13,0.78,1
AP03878,GLLSLLSLLGKAL,13,0.78,1
AP03879,GLLSLLSLLGKLA,13,1.56,1
AP03880,GLLSALKALGKLL,13,1.56,1
AP03881,GLLSALKAAGKLL,13,12.5,0
AP03882,GALSALKALGKLL,13,25,0
AP03883,GLLSALKALGKAL,13,25,0
AP03884,GLLSLSLLKLL,11,12.5,0
AP03885,KLSLLLSLGLKLL,13,1.56,1
AP03886,GLKLLLSLGLKLL,13,2.33,0
AP03887,GLSLLLKLGLKLL,13,0.8,1
AP03888,GLSLLLSLKLKLLL,14,6.2,0
AP03889,GLKLLLKLGLKLL,13,6.2,1
AP03890,KLKLLLKLGLKLL,13,6.2,0
AP03891,WWWLSRIW,8,6.2,0
AP03892,WWWLKRIW,8,3.1,1
AP03893,WWWLRKIW,8,3.1,1
AP03894,WWWLKKIW,8,4.65,1
AP03895,WWWLRRIW,8,2.33,1
AP03896,WWLRKIWW,8,6.2,0
AP03897,WLRKIWWW,8,4.65,0
AP03898,LRKIWWWW,8,6.2,0
AP03899,RKIWWWWL,8,4.65,0
AP03900,KIWWWWLR,8,3.1,0
AP03901,IWWWWLRK,8,3.1,0
AP03902,WWWWLRKI,8,2.33,0
AP03904,IKWKKLLRAAKRIL,14,6.2,2
AP03909,RWWLRRIW,8,12.5,0
AP03910,WRWLRRIW,8,6.2,0
AP03911,WWRLRRIW,8,12.5,0
AP03912,WWWRRRIW,8,12.5,0
AP03913,WWWLRRIR,8,12.5,0
AP03914,RRRWWWWL,8,3.1,1
AP03915,RRRWWWWA,8,12.5,0
AP03916,RRRRWWWL,8,6.25,0
AP03934,FLGTVLKVAAKVLPAALCQIFKKC,24,1.5,1
AP03941,FLSALWGVAKSLF,13,5.212919979,0
AP03942,FPFLLSLIPSAISALKKL,18,3.829541883,0
AP03975,KIWWWWRKR,9,6,0
AP03976,RWRRWKWWL,9,3,0
AP03977,KRWWKWIRW,9,2.25,0
AP03978,WRWWKIWKR,9,3,0
AP03979,KRWWKWWRR,9,2.2,0
AP03980,WKRWWKKWR,9,37,0
AP03981,WKKWWKRRW,9,20.2,0
AP03982,FRRWWKWFK,9,2.25,0
AP03983,LRWWWIKRI,9,34.5,0
AP03984,RKRLKWWIY,9,6,0
AP03985,KKRWWWIRY,9,13,0
AP03986,KWKWIFRRWW,10,3,0
AP03987,RKWIWRWFL,9,17,0
AP03988,IWWKWRRWW,9,3,0
AP03989,RRFKFIRWW,9,6,0
AP03991,AIRRWRIRK,9,54,0
AP03993,GFARIVQRIKDFLRNLV,17,7.5,0
AP03994,GFKAIVQRIKDFLRNLV,17,7.5,0
AP03995,GFKRIVQAIKDFLRNLV,17,15,0
AP03996,GFKRIVQRIADFLRNLV,17,7.5,0
AP03997,GFKRIVQRIKDFLANLV,17,7.5,0
AP03998,GEFKRIVQRIKDFLRNLV,18,60,0
AP04000,GEFRRIVQRIRDFLRNLV,18,30,0
AP04037,LLGDFFRKSKEKIGKEFKRIVQRIKDFLRNLVPRTESGSFLGGLIKIVPAMICAVTKKC,59,18.8,0
AP04047,GFGCNGPWSEDDLRCHRHCKSIKGYRGGYCAKGGFVCKCY,40,9,0
AP04052,GFMKTAKNVAKNVAATLLKLLK,22,2,0
AP04053,GFMKTWKNVWKNVAATLLKLLK,22,4,0
AP04071,GFGCNGPWNEDDLRCHNHCKSIKGYKGGYCAKGGFVCKCY,40,0.071,0
AP04072,GFGCNGPWNEDDLRCKNHCKSIKGYKGGYCAKGGFVCKCY,40,0.0355,0
AP04073,GFGCNGPWNEDDLRCRNHCKSIKGYKGGYCAKGGFVCKCY,40,0.071,0
AP04074,GFGCNGPWNEDDLRCHNKCKSIKGYKGGYCAKGGFVCKCY,40,0.064,0
AP04075,GFGCNGPWNEDDLRCKNRCKSIKGYKGGYCAKGGFVCKCY,40,0.071,0
AP04076,GFGCNGPWNEDDLRCRNRCKSIKGYKGGYCAKGGFVCKCY,40,0.241,0
AP04090,GFGCNGPWLEDDAGCHNHCKSIKGYKGGYCAKGGFVCKCY,40,2.339233543,0
AP04091,GFGCNGPWREDDTGCHNHCKSIKGYKGGYCAKGGFVCKCY,40,2.759915693,0
AP04092,GFGCNGPWREDDRTCHNHCKSIKGYKGGYCAKGGFVCKCY,40,2.248659209,0
AP04093,GFGCNGPWIEDDATCHNHCKSIKGYKGGYCAKGGFVCKCY,40,4.167672311,0
AP04094,GFGCNGPWNEDDVTCHNHCKSIKGYKGGYCAKGGFVCKCY,40,2.299931384,0
AP04095,GFGCNGPWWEDDMQCHNHCKSIKGYKGGYCAKGGFVCKCY,40,2.679075609,0
AP04096,GFGCNGPWYEDDGRCHNHCKSIKGYKGGYCAKGGFVCKCY,40,1.927424617,0
AP04097,GFGCNGPWNEDDGKCHNHCKSIKGYKGGYCAKGGFVCKCY,40,2.307899504,0
AP04098,GFGCNGPWREDDGSCHNHCKSIKGYKGGYCAKGGFVCKCY,40,3.691797656,0
AP04099,YKSKSVCTPGCPTGILMTCPLKTATCGCHITGK,33,5.5,0
AP04100,KARVAVKVIRFLYKAW,16,12,0
AP04101,RARVAVRVIRFLYRAW,16,12,0
AP04102,RRWIARRAIWRRRRWW,16,48,0
AP04103,RRFFVRRVFFRRRRFF,16,48,0
AP04104,WRWWRRRRWWRWRRWW,16,48,0
AP04105,RRWWWRRWWWRRRRWW,16,48,1
AP04106,RRRWARRIIWIIRRAW,16,24,1
AP04107,RRRVARRVFWFVRRAV,16,24,1
AP04108,RRRVARRVIRFIRRAW,16,12,0
AP04109,LRRFARRLIRRIRRAW,16,12,0
AP04110,WARIARRAIRAWRRWW,16,12,1
AP04111,LFRVVRRVVRFIRRAA,16,12,1
AP04112,LARVARRVIRFIRRAW,16,4.5,1
AP04113,RRRLARRLIFFIRRAW,16,4.5,1
AP04114,ITSKSLCTPGCVTGLLMGCAGSSATCNCSVHVG,33,55,0
AP04122,ITSKSLCTPGCVTGVLMGCNNKTATCNCSVHVG,33,55,0
AP04124,ITSWSLCTAGCITGRIMGCNK,21,2.316354515,0
AP04125,ITSISLCTPGCKTGALMGCNMK,22,9.197875282,0
AP04174,HFDNLNKIQANI,12,11.84053798,0
AP04189,GVFDTVKKIGKAVGKFALGVAKNYLNS,27,25,1
AP04190,FLGTVLKLGKAIAKTVVPMLTNAMQPKQ,28,2.08489638,1
AP04191,FLGLIPALAGAIGNLIK,17,59.51988405,0
AP04192,ALWKTLLKKVGKVAGKAVLNAVTNMANQN,29,4.317149767,0
AP04200,GLFKKLRRKIKKGFKKIF,18,28.63666904,0
AP04201,GLFKKLWRKIKKGFKKIF,18,28.25703624,0
AP04202,GLFKKLRRKIKKGF,14,9.31200411,0
AP04203,GLFKKLWRKIKKWF,14,4.261213677,0
AP04204,LRRKIKKGFKKIFKRL,16,7.771963971,0
AP04205,LWRKIKKWFKKIFKRL,16,3.60706655,0
AP04207,IKKWFKKIFKRL,12,4.895559061,0
AP04241,GFGCNGPWSEDDIQCHNHCKSIKGYKGGYCAKGGFVCKCY,40,0.573263276,0
AP04242,GFGCNGPWSEDDLQCHNHCKSIKGYKGGYCARGGFVCKCY,40,0.4556834826,0
AP04243,GFGCNGPWSEDDIRCHNHCKSIKGYKGGYCASAGFVCKCY,40,14.67221717,0
AP04244,GFGCNGPWQEDDLKCHNHCKSIKGYKGGYCASAGFVCKCY,40,0.9142805316,0
AP04245,GFGCPWDEMQCHNHCKSIKGYKGGYCAKGGFVCKCY,36,2.496433595,0
AP04262,RFGRFLRKILRFLKK,15,48,1
AP04265,GILGKLWKGVKSIF,14,6.068166187,1
AP04266,LILGKLWKGVKSIF,14,9.534337105,1
AP04267,SILGKLWKGVKSIF,14,5.952479216,1
AP04268,FILGKLWKGVKSIF,14,5.733691409,1
AP04269,KILGKLWKGVKSIF,14,5.801110459,1
AP04276,RWRWRW,6,49.79730581,0
AP04277,GFGCNGPWQEDDVKCHNHCKSIKGYKGGYCAKGGFVCKCY,40,0.02666322035,1
AP04522,FLSQILSTLRILL,13,1,1
AP04523,FLSKILSTLRILL,13,2,1
AP04524,FLSKILSTLRILF,13,2,1
AP04543,FIKRIARLLRKIF,13,1.869598994,1
AP04561,FIKKIAKLLKKIF,13,3.144425474,1
AP04562,FIRRIARLLRRIF,13,2.891514037,1
AP04597,FLWKLIPKAIKKVKSLIKK,19,1.8,1
AP04598,FLWKLIPKAIKKVKKLIKK,19,3.4,1
AP04601,GFCWNVCVYRNGVRVCHRRCN,21,3.245478557,0
AP04602,AFCWNVCVYRNAVRVCHRRCN,21,3.161415125,1
AP04604,WGFCWNVCVYRNGVRVCHRRCN,22,1.649432359,0
AP04610,KWCVYAYVKVKGVLVKYKKCW,21,3,0
AP04611,RFCVYAYVRVRGVLVRYRRCF,21,3,0
AP04614,WCRRYRVLVRGVLVRYRRCW,20,9,0
AP04623,ALWKTLLKHVGKAAGKAALNAVTDMVNQ,28,6,0
AP04632,KRIVQRIKKWLR,12,2,0
AP04633,KRIVKRIKKWLR,12,2,0
AP04634,KRIVKLIKKWLR,12,2,0
AP04720,FLKIIGKLLSGLL,13,1,1
AP04721,FLGIIGKLLSGLL,13,1.5,1
AP04722,FLWIIGKLLSGLL,13,1.5,1
AP04723,FLYIIGKLLSGLL,13,2,1
AP04815,FLSLIPHAISAVSALAKHL,19,5,1
AP04816,FLSLIPKAISAVSALAKHL,19,4,1
AP04817,FLSLIPKAISAVSALAKKL,19,3,1
AP04818,FLSLIPKAIKAVSALAKKL,19,2,1
AP04819,FLSLIPKAIKAVKALAKKL,19,2,1
AP04822,FLPFLASLALKIL,13,2,1
AP04823,FLPKLLSALAKIL,13,2,1
AP04824,KKKKKKFLPFLASLALKIL,19,10,1
AP04825,KKKKKKFLPKLLSALAKIL,19,12,1
AP04828,MSGIIRVTPAELRQMADRYQKESGDVTEQVNQRLDQMINQLQDMWEGESSRAFSEQYQELRPSFIKMAELLSDVSKQLHQTANTLESTDQD,91,4.549023935,0
AP04830,GLWTGKYTDVFGGRALIKIIIQT,23,25.3,0
AP04831,FFPIVAGVAAKVLKKIFCTISKKC,24,2,1
AP04832,FFPKVAGVAAKVLKKIFCTISKKC,24,4,1
AP04833,FFPKVAGVAAKVAKKIFCTISKKC,24,4,1
AP04834,FFPKVAGVAAKVLKKAFCTISKKC,24,4,1
AP04835,FFPKVAGVAAKVAKKAFCTISKKC,24,12,1
AP04839,ALWKDMLKGIGKLAGKAALGAVKTLV,26,2,1
AP04852,LWGRFFRKWK,10,16,0
AP04853,RWWKKWWGK,9,8,0
AP04854,RWKRFLRNWV,10,16,0
AP04855,KWKRFFRGWL,10,8,0
AP04856,VWNRLFRKWR,10,32,0
AP04876,IIPLPLKKFLKKL,13,25,1
AP04877,KIPKPLKKFLKKL,13,25,1
AP04878,IILLLLKKFLKKL,13,3.13,1
AP04879,KILKLLKKFLKKL,13,3.13,1
AP04880,WILLLLKKFLKKL,13,1.56,1
AP04881,IWLLLLKKFLKKL,13,3.13,1
AP04882,IILLLLKKFWKKL,13,3.13,1
AP04883,IILLLLKKFLKKW,13,3.13,1
AP04884,IILLLLKKFWKKW,13,3.13,1
AP04885,IWLLLLKKFWKKW,13,3.13,1
AP04886,GFGCPWNRYQCHSHSRSIGRLGGYCAGSLRLTCTSYRS,38,15.09864024,0
AP04918,IYNCRRRFCKQR,12,38.95370115,0
AP04929,GFALAGLARILCLWFREFSGFFRRLNRRFAMRRR,34,3.625,0
AP04937,KKLLKLLKLLL,11,3.023823572,0
AP04938,KKLLKCLKCLL,11,6.140624445,1
Arjun001,HLRRINKLLTRIGLYRHAFG,20,105.1367733,0
Arjun002,NRFTARFRRTPWRLCLQFRQ,20,24.12255252,0